MDVP:Flo(Hz),MDVP:Shimmer,MDVP:Shimmer(dB),Shimmer:APQ5,MDVP:APQ,HNR,spread1,spread2,D2,PPE
96.983,0.01564,0.136,0.0099,0.01691,24.199,-5.592584,0.133917,2.058658,0.214346
106.821,0.02199,0.197,0.01199,0.01636,25.82,-5.391029,0.250572,1.777901,0.232744
106.981,0.03999,0.35,0.02231,0.02704,23.37,-5.775966,0.341169,2.007923,0.193918
